<?xml version='1.0' encoding='UTF-8' standalone='yes'?>
<addon id="plugin.video.tvlinks" name="TVLinks.cc" provider-name="bunkford" version="0.1.0">
    <requires>
        <import addon="xbmc.python" version="2.0"/>
        <import addon="script.module.urlresolver"  version="1.0.0"/>
		<import addon="script.module.metahandler"  version="1.0.0"/>
    </requires>
  <extension library="default.py" point="xbmc.python.pluginsource">
        <provides>video</provides>
  </extension>
  <extension point="xbmc.addon.metadata">
	<summary lang="en">TVLinks Plugin</summary>
    <description lang="en">Plugin that lets you browse and play Free Movies from TVLinks.cc! Login is required, change username and password in settings. </description>
    <disclaimer lang="en">Some parts of this addon may not be legal in your country of residence - please check with your local laws before installing.</disclaimer>
    <platform>all</platform>
    <language />
  </extension>
</addon>