<?xml version="1.0" encoding="UTF-8" standalone="yes"?>
<addon id="repository.bunkford" name="bunkford's XBMC Addons" version="1.0.0" provider-name="bunkford">
        <extension point="xbmc.addon.repository" name="bunkford's XBMC Addon Repository">
                <info compressed="false">https://github.com/bunkford/Bunkford/raw/master/addons.xml</info>
                <checksum>https://github.com/bunkford/Bunkford/raw/master/addons.xml.md5</checksum>
                <datadir zip="true">https://github.com/bunkford/Bunkford/raw/master/</datadir>
        </extension>
        <extension point="xbmc.addon.metadata">
                <summary>bunkford's Addon Repository</summary>
                <description>Download and install bunkford's addon repository, home of bunkford, putlockertv and the new tvlinks.cc Plugins!</description>
                <disclaimer></disclaimer>
                <platform>all</platform>
        </extension>
</addon>