<?xml version="1.0" encoding="UTF-8" standalone="yes"?>
<addon id="script.module.gmusicapi"
       name="gmusicapi"
       version="2013.02.28"
       provider-name="vially">
  <requires>
    <import addon="xbmc.python" version="2.1.0"/>
    <import addon="script.module.validictory" version="0.9.0"/>
    <import addon="script.module.decorator" version="3.3.3"/>
    <import addon="script.module.mutagen" version="1.21.0"/>
    <import addon="script.module.protobuf" version="2.4.2"/>
    <import addon="script.module.requests" version="1.1.0"/>
  </requires>
  <extension point="xbmc.python.module"
             library="lib" />
  <extension point="xbmc.addon.metadata">
    <summary>An unofficial API for Google Music</summary>
    <description>Packed for XBMC from https://github.com/simon-weber/Unofficial-Google-Music-API</description>
    <license>BSD</license>
    <platform>all</platform>
    <source>https://github.com/vially/xbmc-gmusicapi</source>
  </extension>
</addon>
