<?xml version="1.0" encoding="UTF-8" standalone="yes"?>
<addon 
	id="plugin.video.bunkford" 
	name="Bunkford" 
	version="1.4.6" 
	provider-name="bunkford">

  <requires>
	  <import addon="xbmc.python" version="2.1.0"/>
	  <import addon="script.module.beautifulsoup" version="3.0.8" />
	  <import addon="script.module.urlresolver"  version="1.0.0"/>
	  <import addon="script.module.t0mm0.common" version="1.1.0"/>
	  <import addon="script.module.metahandler"  version="1.0.0"/>
  </requires>

  <extension point="xbmc.python.pluginsource" library="default.py">
        <provides>video</provides>
  </extension>

  <extension point="xbmc.addon.metadata">
    <summary lang="en">Video Plugin maintained by Bunkford</summary>
  
    <description lang="en">
	    A video plugin maintaned by bunkford for sites such as iserie.es, barwo.com, putlockertvshows.me, bunnymovie.com. These are one click sources, so no messing around with bad links. 
				
		As far as I know you can only access content off these sites on iDevices, but you can go to the following links on any computer and register.
		Then put in your login and password in plugin settings.
		
		Go to http://iseri.es/wp-login.php?action=register to register for iseri.es
		Go to http://barwo.com/wp-login.php?action=register to register for barwo.com  (CURRENTLY CLOSED)
		
		** barwo.com is switching to bunnymovies.com.. go to http://bunnymovie.com/wp-login.php?action=register to register now, support coming in the future.
		
    </description>
 

    <disclaimer lang="en">use at your own risk!</disclaimer>

    <license>GNU GENERAL PUBLIC LICENSE. Version 3, June 2007</license>
  
    <platform>all</platform>

    <language>en</language>

    <website></website>

    <source></source>
  </extension>
</addon>
