<?xml version="1.1" encoding="UTF-8" standalone="yes"?>
<addon id="plugin.audio.googlemusic"
       name="Google Music"
       version="0.8.2"
       provider-name="Valentin-Costel Hăloiu">
  <requires>
    <import addon="xbmc.python" version="2.1.0"/>
    <import addon="xbmc.addon" version="12.0.0"/>
    <import addon="script.module.parsedom" version="2.5.1"/>
    <import addon="script.module.gmusicapi" version="2013.02.28"/>
	<import addon="script.module.mutagen" version="1.21.0"/>
	<import addon="script.module.requests" version="1.1.0"/>
	<import addon="script.module.decorator" version="3.3.3"/>
	<import addon="script.module.protobuf" version="2.4.2"/>
	<import addon="script.module.validictory" version="0.9.0"/>
  </requires>
  <extension point="xbmc.python.pluginsource" library="default.py">
        <provides>audio</provides>
  </extension>
  <extension point="xbmc.addon.metadata">
    <platform>all</platform>
    <summary lang="en">Google Music audio plugin</summary>
    <description lang="en">Plugin that lets you play music from Google Music.</description>
    <disclaimer>Some parts of this addon may not be legal in your country of residence - please check with your local laws before installing.</disclaimer>
  </extension>
</addon>
